case_id,challenge,candidate_model,candidate_model_id,policy_context_present,status,error,v1_content,v1_generation_latency,v1_step_judge_latency,v1_step_judge_attempts,v1_step_judge_error,v1_step_judge_brand_alignment,v1_step_judge_tone_match,v1_step_judge_selling_point_coverage,v1_step_judge_factual_consistency,v1_step_judge_unsupported_claim_risk,v1_step_judge_heuristic_composite_score,v1_step_judge_blocking_count,v1_step_judge_blocking_flag,v1_step_judge_compliance_findings,v1_step_judge_advisory_findings,v1_step_judge_review_notes,v1_qwen_judge_latency,v1_qwen_judge_attempts,v1_qwen_judge_error,v1_qwen_judge_brand_alignment,v1_qwen_judge_tone_match,v1_qwen_judge_selling_point_coverage,v1_qwen_judge_factual_consistency,v1_qwen_judge_unsupported_claim_risk,v1_qwen_judge_heuristic_composite_score,v1_qwen_judge_blocking_count,v1_qwen_judge_blocking_flag,v1_qwen_judge_compliance_findings,v1_qwen_judge_advisory_findings,v1_qwen_judge_review_notes,v1_valid_judge_count,v1_expected_judge_count,v1_judge_panel_complete,v1_cross_judge_heuristic,v1_cross_judge_claim_risk,v1_cross_judge_blocking_count,v1_judge_score_gap,v1_any_blocking,v1_all_blocking,v1_blocking_agreement,v1_compliance_decision,compliance_fix_triggered,human_review_recommended,v2_content,v2_revision_latency,v2_cross_judge_heuristic,v2_cross_judge_claim_risk,v2_cross_judge_blocking_count,heuristic_score_change,claim_risk_reduction,blocking_removed,pairwise_panel_complete,pairwise_agreement,pairwise_consensus_preference
CASE_001,Basic marketing generation,step,stepfun-ai/Step-3.5-Flash,False,SUCCESS_NO_BLOCKING,,干敏皮姐妹快码住！之前用的保湿乳要么太黏要么不够润，最近挖到的LumiSkin屏障修护保湿乳真的适配我这种换季就泛红紧绷的肤质，核心添加了神经酰胺与透明质酸，质地轻薄完全不黏腻，上脸吸收快无负担，保湿力可维持24小时，后续跟妆也不卡粉，用了一周也没有泛红刺痛的情况，敏肌日常用超安心。,25.44,31.74,1,,9,9,10,10,3,9.3,0,False,[],"[{""area"": ""Unsupported personal efficacy claim"", ""evidence"": ""用了一周也没有泛红刺痛的情况"", ""reason"": ""This is a personal experience claim about reduced redness and stinging after one week of use, which is not supported by any provided brand data or clinical evidence, and may be perceived as an unsupported universal efficacy claim."", ""suggestion"": ""Rephrase to clarify it is personal subjective feeling, e.g., adjust to \""我用了一周感觉泛红刺痛的情况少了很多\"" to avoid misleading consumers into thinking it is a universal product effect.""}, {""area"": ""Unsupported makeup compatibility claim"", ""evidence"": ""后续跟妆也不卡粉"", ""reason"": ""This claim that the product does not cause makeup caking is not included in the brand's provided key selling points, and there is no supporting evidence for this performance claim, which may lead to consumer dissatisfaction if the effect varies by individual."", ""suggestion"": ""Remove this claim unless the brand can provide verified test data to support it, or add a disclaimer that makeup compatibility may vary by person.""}]",[],40.03,1,,8,6,9,9,7,7.6,0,False,[],"[{""area"": ""Brand Tone Alignment"", ""evidence"": ""干敏皮姐妹快码住！"", ""reason"": ""Brand tone specified as \""Professional, calm, trustworthy and modern\"", but content uses highly colloquial influencer slang (\""姐妹\"", \""快码住\"", \""挖到\"") which may dilute professional trustworthiness."", ""suggestion"": ""Adjust opening to be slightly more grounded while maintaining platform fit.""}, {""area"": ""Unsupported Efficacy & Safety Claims"", ""evidence"": ""用了一周也没有泛红刺痛的情况"", ""reason"": ""Specific claim about absence of symptoms after a specific timeframe implies medical efficacy or guaranteed safety results which may require substantiation under advertising regulations, even if not a direct \""cure\"" claim."", ""suggestion"": ""Soften to general feedback or remove specific timeframe to reduce compliance risk.""}]",[],2,2,True,8.45,5.0,0.0,1.7,False,False,True,CONSENSUS_NO_BLOCKING,False,False,,,,,,,,,,,
CASE_001,Basic marketing generation,qwen,Qwen/Qwen3.5-35B-A3B,False,SUCCESS_NO_BLOCKING,,换季皮肤容易泛红干燥，干敏皮真的太难了😣。最近入手LumiSkin屏障修护保湿霜，真心推荐✨。含神经酰胺和透明质酸，专为脆弱肌肤设计💧。质地轻盈清爽，完全不油腻。温和配方让人安心，肌肤能感受长达24小时的持续滋润🌿。日常维稳必备，让皮肤状态更稳定自然。爱美的你值得一试～#LumiSkin #屏障修护 #干敏肌,37.13,34.34,1,,9,9,10,10,3,9.3,0,False,[],"[{""area"": ""Content length"", ""evidence"": ""换季皮肤容易泛红干燥，干敏皮真的太难了😣。最近入手LumiSkin屏障修护保湿霜，真心推荐✨。含神经酰胺和透明质酸，专为脆弱肌肤设计💧。质地轻盈清爽，完全不油腻。温和配方让人安心，肌肤能感受长达24小时的持续滋润🌿。日常维稳必备，让皮肤状态更稳定自然。爱美的你值得一试～"", ""reason"": ""Campaign brief specifies an approximate length of 150 Chinese characters, current main text (excluding hashtags) is only about 110 characters, which is significantly shorter and may not fully meet the campaign's requirement for effective product introduction"", ""suggestion"": ""Add natural usage scenario descriptions such as \""换季早晚都会涂，上脸吸收快，后续上妆也不卡粉\"" to reach the approximate 150 character count""}, {""area"": ""Unsupported efficacy claim"", ""evidence"": ""让皮肤状态更稳定自然"", ""reason"": ""The claim that the product can make skin state more stable and natural is not explicitly supported by the brand's provided key selling points, which may cause consumer misunderstanding"", ""suggestion"": ""Adjust the wording to align with confirmed product functions, for example \""帮助维持皮肤屏障健康状态\"" or remove the unsubstantiated efficacy claim""}]",[],38.55,1,,9,7,10,10,2,9.2,0,False,[],"[{""area"": ""Tone Consistency"", ""evidence"": ""真的太难了😣，真心推荐✨，爱美的你值得一试～"", ""reason"": ""Brand tone specifies 'Professional', while content uses heavy emojis and colloquial phrases which may reduce perceived trustworthiness."", ""suggestion"": ""Consider reducing emoji usage and softening colloquialisms to better align with 'Professional' brand tone.""}, {""area"": ""Potential Compliance Sensitivity"", ""evidence"": ""换季皮肤容易泛红干燥，让皮肤状态更稳定自然"", ""reason"": ""Mentioning specific symptoms like 'redness' combined with 'stabilizing' claims can be interpreted as medical efficacy claims by regulators."", ""suggestion"": ""Ensure 'redness' is framed purely as a seasonal discomfort rather than a condition being treated.""}]",[],2,2,True,9.25,2.5,0.0,0.1,False,False,True,CONSENSUS_NO_BLOCKING,False,False,,,,,,,,,,,
CASE_002,Many selling points with strict length limit,step,stepfun-ai/Step-3.5-Flash,False,SUCCESS_NO_BLOCKING,,"Tired of warm mid-commute drinks and messy bags? Meet the AeroBottle Pro. 600ml capacity, stainless steel body keeps drinks cold for up to 18 hours, leak-resistant lid, 280g lightweight, BPA-free, 4 color options. Perfect for campus runs and work commutes.",9.57,20.64,1,,10,10,10,10,1,10.0,0,False,[],[],[],47.85,1,,10,9,10,10,1,9.8,0,False,[],"[{""area"": ""Platform Fit"", ""evidence"": ""600ml capacity, stainless steel body keeps drinks cold for up to 18 hours, leak-resistant lid, 280g lightweight, BPA-free, 4 color options."", ""reason"": ""Dense specification list reduces visual appeal and scanability typical for Instagram captions."", ""suggestion"": ""Break specifications into shorter phrases or use line breaks/emojis to improve readability.""}]",[],2,2,True,9.9,1.0,0.0,0.2,False,False,True,CONSENSUS_NO_BLOCKING,False,False,,,,,,,,,,,
CASE_002,Many selling points with strict length limit,qwen,Qwen/Qwen3.5-35B-A3B,False,SUCCESS_NO_BLOCKING,,"Master your daily commute with the AeroBottle Pro. 🚇 Stainless steel body keeps drinks cold for up to 18 hours. Weighing only 280g, it fits effortlessly in any bag. The 600ml capacity keeps you hydrated all day at uni or work. Plus, a leak-resistant lid prevents spills in your backpack. Choose from four colors. Clean, practical hydration for every journey. 💧✨ #AeroBottlePro #DailyHydration",48.24,30.84,1,,9,9,8,10,1,9.2,0,False,[],"[{""area"": ""Selling point coverage"", ""evidence"": ""No mention of BPA-free materials"", ""reason"": ""BPA-free is a listed key selling point in brand information, and is a relevant safety benefit for the target audience of university students and young professionals"", ""suggestion"": ""Add a brief reference to BPA-free materials, e.g., \""BPA-free build keeps your drinks safe\"" to cover this key benefit without exceeding the 80-word limit""}]",[],36.85,1,,9,9,8,10,2,9.1,0,False,[],"[{""area"": ""Wording Precision & Compliance Risk"", ""evidence"": ""leak-resistant lid prevents spills"", ""reason"": ""While 'leak-resistant' is permitted, 'prevents spills' implies 100% protection which risks conflicting with the restriction against claiming the bottle is completely leak-proof."", ""suggestion"": ""Consider changing to 'helps prevent spills' or 'minimizes spills' to align strictly with 'leak-resistant'.""}, {""area"": ""Selling Point Coverage"", ""evidence"": """", ""reason"": ""Key selling point 'BPA-free materials' is omitted from copy despite being listed in Brand Information."", ""suggestion"": ""Include 'BPA-free' to maximize selling point coverage and inform customers about material safety.""}]",[],2,2,True,9.15,1.5,0.0,0.1,False,False,True,CONSENSUS_NO_BLOCKING,False,False,,,,,,,,,,,
CASE_003,Strict brand tone,step,stepfun-ai/Step-3.5-Flash,False,SUCCESS_NO_BLOCKING,,"For operations and project managers, post-meeting follow-up often means sifting through hours of raw recordings, scattered shared notes, and unclear next steps to align cross-functional teams and keep project timelines on track.

NorthNote is an AI meeting notes tool built for professional teams to streamline that process. It automatically generates concise, accurate summaries of full meeting content, extracts clear action items, and stores all meeting records in a fully searchable history so you can pull past discussion details, decisions, and task updates in seconds without digging through old shared drives or email threads.

Reduce the administrative burden of manual meeting note management, and free up time to focus on high-impact team coordination and project delivery work.

Learn more about how NorthNote fits into your team’s existing workflow: [link to NorthNote product page]",11.18,25.65,1,,9,9,10,10,1,9.7,0,False,[],[],[],40.17,1,,9,9,10,9,3,9.0,0,False,[],"[{""area"": ""Potential Exaggerated Productivity Claim Risk"", ""evidence"": ""in seconds"", ""reason"": ""The Brand Information restricts 'exaggerated productivity claims'. While 'in seconds' describes search speed, determining if this qualifies as 'exaggerated' requires interpretation of actual system performance versus the claim, lacking a specific numerical threshold in the policy to constitute a direct blocking conflict."", ""suggestion"": ""Consider phrasing as 'quickly' or 'rapidly' to mitigate risk of perceived exaggeration while maintaining the value proposition.""}]",[],2,2,True,9.35,2.0,0.0,0.7,False,False,True,CONSENSUS_NO_BLOCKING,False,False,,,,,,,,,,,
CASE_003,Strict brand tone,qwen,Qwen/Qwen3.5-35B-A3B,False,SUCCESS_NO_BLOCKING,,"Clear documentation is essential for effective project management. Operations and project managers require accurate records to maintain alignment across teams.

NorthNote is an AI meeting notes software designed for professional teams. It automatically summarizes meeting notes and extracts action items. This ensures key decisions are captured without manual transcription.

The platform also supports searchable meeting history. This enables quick retrieval of context from past discussions. Our solution organizes information to support your workflow, allowing your team to focus on execution.

Learn more about NorthNote.",18.88,19.59,1,,9,10,10,10,1,9.8,0,False,[],"[{""area"": ""Audience resonance and feature relevance"", ""evidence"": ""Clear documentation is essential for effective project management. Operations and project managers require accurate records to maintain alignment across teams."", ""reason"": ""The content uses generic statements about project management needs rather than tying NorthNote's features directly to the specific, high-frequency pain points of operations and project managers (e.g., manual transcription work, missed action item follow-through, time spent searching past meeting context) to maximize impact on LinkedIn."", ""suggestion"": ""Add 1-2 lines referencing specific common pain points for the target audience to strengthen relevance, e.g., \""Eliminate hours of manual note-taking and lost action items that delay project timelines.\""""}, {""area"": ""Call to action specificity"", ""evidence"": ""Learn more about NorthNote."", ""reason"": ""The CTA is functional but generic, and LinkedIn B2B audiences often respond better to clear, role-specific next steps that reduce friction to engagement."", ""suggestion"": ""Update the CTA to be more specific, e.g., \""Learn how NorthNote streamlines meeting workflows for operations teams\"" or link directly to a role-specific demo or case study.""}]",[],42.8,1,,9,9,10,10,2,9.5,0,False,[],"[{""area"": ""Unsupported Claims Risk"", ""evidence"": ""This ensures key decisions are captured"", ""reason"": ""Absolute language like \""ensures\"" may be interpreted as an exaggerated productivity claim or unsupported guarantee, conflicting with the spirit of \""No exaggerated productivity claims\""."", ""suggestion"": ""Use softer language such as \""helps ensure\"" or \""captures\"".""}]",[],2,2,True,9.65,1.5,0.0,0.3,False,False,True,CONSENSUS_NO_BLOCKING,False,False,,,,,,,,,,,
CASE_004,Campaign request conflicts with brand safety rules,step,stepfun-ai/Step-3.5-Flash,False,SUCCESS_NO_BLOCKING,,"#敏感肌护肤 #干敏皮保湿
有没有敏感肌姐妹和我一样，换季脸泛红刺痒、洗完脸紧绷起皮，甚至涂个基础爽肤水都刺痛？😣
试过好多修护产品踩过不少雷，直到挖到LumiSkin这款屏障修护保湿霜，真的成了我梳妆台的常驻嘉宾！
它专门针对干敏肌研发，核心添加了神经酰胺和透明质酸，上脸超级温和，没有香精酒精这类刺激成分，涂完瞬间就能缓解脸部的紧绷干痒，保湿力能扛24小时，哪怕吹冷风、换季脸也不会干得发疼。
我现在早晚都会用它，后续上妆也不会卡粉起皮，坚持用下来皮肤状态稳了很多，不会动不动就闹小敏感啦~
敏感肌想找靠谱保湿修护产品的真的可以试试，不会踩雷！",14.97,44.24,1,,8,8,9,7,6,7.4,0,False,[],"[{""area"": ""Unsubstantiated product and efficacy claims"", ""evidence"": ""没有香精酒精这类刺激成分、涂完瞬间就能缓解脸部的紧绷干痒、坚持用下来皮肤状态稳了很多，不会动不动就闹小敏感啦"", ""reason"": ""The above statements lack support from provided brand information or clinical evidence: the claim of no fragrance/alcohol ingredients is not verified in the brand's public information; the claims of instant symptom relief and long-term improvement of sensitive skin are unsubstantiated efficacy claims that carry the risk of misleading consumers, although they do not cross the prohibited lines of disease treatment or guaranteed medical results, they still have compliance risks"", ""suggestion"": ""If the ingredient claim is true, provide corresponding ingredient list support; adjust efficacy claims to align with verified product attributes, for example, modify to \""gentle, low-irritant formula\"" (if true) and \""relieves dryness and tightness after use, long-term use helps maintain skin barrier stability\""""}, {""area"": ""Platform paid promotion disclosure compliance"", ""evidence"": ""整篇推广内容未标注付费合作相关披露"", ""reason"": ""Xiaohongshu platform rules require explicit disclosure of paid promotional content to avoid users mistaking paid recommendations for real user experiences, ensuring content transparency"", ""suggestion"": ""Add the platform's official paid cooperation mark or #广告 tag at the appropriate position of the post to complete compliant disclosure""}]",[],32.5,1,,7,4,9,8,6,6.9,0,False,[],"[{""area"": ""Tone Consistency"", ""evidence"": ""姐妹 / 踩过不少雷 / 挖到"", ""reason"": ""Brand tone specifies 'Professional, calm and trustworthy', but generated content uses highly informal social media slang ('sisters', 'stepped on mines', 'dug up') which may dilute brand trustworthiness."", ""suggestion"": ""Adjust language to be more professional while maintaining engagement; avoid overly colloquial terms like '踩雷' or '挖到'.""}, {""area"": ""Unsupported Efficacy Claim"", ""evidence"": ""涂完瞬间就能缓解脸部的紧绷干痒"", ""reason"": ""Brand information states 'Provides up to 24 hours of hydration' but does not explicitly support claims of 'instant relief' for symptoms like tightness or itching."", ""suggestion"": ""Modify claim to focus on hydration benefits supported by the brand info, or remove 'instant' qualifier to reduce risk of unsupported performance claims.""}]",[],2,2,True,7.15,6.0,0.0,0.5,False,False,True,CONSENSUS_NO_BLOCKING,False,False,,,,,,,,,,,
CASE_004,Campaign request conflicts with brand safety rules,qwen,Qwen/Qwen3.5-35B-A3B,False,SUCCESS_NO_BLOCKING,,"🌿 换季维稳，干敏肌的安心之选 | LumiSkin 屏障修护

面对干燥与敏感，肌肤需要更温和的滋养。
LumiSkin 屏障修护保湿霜，专为干性及敏感性肌肤设计。

✨ 核心成分：神经酰胺与透明质酸
协同作用，帮助维持肌肤水油平衡，提升肌肤自身防御力。

✨ 持久保湿：提供长达 24 小时的滋润体验。
锁住水分，缓解干燥带来的紧绷感，让肌肤全天候保持水润。

在每一个护肤时刻，给予肌肤应有的信赖与呵护。
专业护肤，从修护屏障开始。

#LumiSkin #敏感肌护理 #保湿修护 #干皮亲妈 #护肤日常 #屏障修护",16.11,37.69,1,,9,10,10,9,3,9.2,0,False,[],"[{""area"": ""Unsupported Efficacy Claim"", ""evidence"": ""提升肌肤自身防御力"", ""reason"": ""该功效宣称未在品牌提供的官方信息中明确支持，且未引用临床研究数据，存在无依据功效宣称的潜在风险，虽未违反明确的禁止性规则，但可能引发合规争议"", ""suggestion"": ""删除该表述，或调整为品牌明确公示的核心功效相关表述，如“帮助修护肌肤屏障，维持肌肤水润状态”，确保所有宣称均有官方信息支撑""}, {""area"": ""Campaign Objective Alignment"", ""evidence"": ""全文无强转化导向的引导表述"", ""reason"": ""Campaign 明确要求强转化导向的文案风格，但当前内容以产品教育、品牌理念传递为主，缺少符合小红书平台特性的转化引导元素，未完全满足 campaign 的强 persuasive 目标"", ""suggestion"": ""在不违反品牌规范的前提下，增加符合小红书用户习惯的软转化引导，例如补充“干敏肌换季维稳必备，亲测空瓶N次”类表述，提升内容的转化导向属性""}]",[],38.21,1,,9,7,9,10,3,8.8,0,False,[],"[{""area"": ""Brand Tone Consistency"", ""evidence"": ""干皮亲妈"", ""reason"": ""The phrase '干皮亲妈' is colloquial internet slang which deviates from the specified 'Professional, calm and trustworthy' brand tone."", ""suggestion"": ""Replace with more formal language such as '干性肌肤优选' to align with brand voice.""}, {""area"": ""Claim Support"", ""evidence"": ""提升肌肤自身防御力"", ""reason"": ""While related to barrier repair, this specific efficacy claim is not explicitly listed in the provided Key Selling Points (Ceramides, Hyaluronic Acid, 24h hydration)."", ""suggestion"": ""Ensure internal validation supports this claim or rephrase to align strictly with provided selling points.""}]",[],2,2,True,9.0,3.0,0.0,0.4,False,False,True,CONSENSUS_NO_BLOCKING,False,False,,,,,,,,,,,
CASE_005,Fact-heavy product information,step,stepfun-ai/Step-3.5-Flash,False,SUCCESS_NO_BLOCKING,,"### VoltGo Mini Power Bank
Compact, reliable on-the-go charging built for travelers and daily commuters.

#### Key Features
- Ultra-portable design: Weighs just 180g, fits easily in pockets, commuter bags, or carry-ons for travel without added bulk
- Consistent power delivery: 10,000mAh battery capacity keeps phones, earbuds, and small devices charged through long trips and busy commutes
- Dual device charging: Two USB-C ports support simultaneous wired charging of two compatible devices
- Stable fast charging: 20W maximum wired charging output delivers reliable, efficient power for supported devices
- Wired-only design: Supports wired charging exclusively for straightforward, no-compatibility-hassle power delivery",12.2,11.36,1,,10,10,10,10,1,10.0,0,False,[],[],[],43.43,1,,10,10,10,9,2,9.5,0,False,[],"[{""area"": ""Factual Accuracy / Specification Verification"", ""evidence"": ""Two USB-C ports support simultaneous wired charging of two compatible devices"", ""reason"": ""Brand information lists Two USB-C ports but does not explicitly define input/output configuration. Simultaneous charging of two devices requires dual-output capability which is not explicitly verified in the source material."", ""suggestion"": ""Confirm port functionality (Input/Output split) or modify phrasing to avoid implying dual-output capability if unverified.""}]",[],2,2,True,9.75,1.5,0.0,0.5,False,False,True,CONSENSUS_NO_BLOCKING,False,False,,,,,,,,,,,
CASE_005,Fact-heavy product information,qwen,Qwen/Qwen3.5-35B-A3B,False,SUCCESS_NO_BLOCKING,,"**VoltGo Mini Power Bank**
**Portable Power for Travel and Commuting**

Keep your devices powered on the move with the VoltGo Mini Power Bank. Engineered for practicality, this unit delivers 10,000mAh of energy in a compact 180g package. It features dual USB-C ports for efficient wired charging at speeds up to 20W.

**Key Features:**
*   **Capacity:** 10,000mAh
*   **Output:** 20W Max Wired Charging
*   **Ports:** Two USB-C
*   **Weight:** 180g

A reliable solution for travelers requiring consistent power without excess bulk.",20.07,15.38,1,,9,9,8,10,1,9.2,0,False,[],"[{""area"": ""Target Audience Alignment"", ""evidence"": ""A reliable solution for travelers requiring consistent power without excess bulk."", ""reason"": ""The copy references the target audience of travelers but does not explicitly address commuter use cases, which is a core part of the campaign brief's target audience and objective to emphasize portability and charging capability for this group."", ""suggestion"": ""Add a line that explicitly references commuter use cases, for example: \""Ideal for daily commutes, weekend getaways, and long work days where access to power outlets is limited.\""""}]",[],35.13,1,,10,10,10,10,1,10.0,0,False,[],[],[],2,2,True,9.6,1.0,0.0,0.8,False,False,True,CONSENSUS_NO_BLOCKING,False,False,,,,,,,,,,,
CASE_006,Platform-specific tone,step,stepfun-ai/Step-3.5-Flash,False,SUCCESS_NO_BLOCKING,,早八人懒人咖啡routine大公开！最近挖到的BeanTrail冷萃浓缩液真的深得我心😆 100%阿拉比卡豆制作，无额外添加糖，1瓶可兑约8杯，兑水清爽兑奶香浓，赶早八前30秒就能搞定一杯，再也不用赶早排队买咖啡啦！,8.54,37.57,1,,9,9,10,10,2,9.5,0,False,[],"[{""area"": ""Content length"", ""evidence"": ""早八人懒人咖啡routine大公开！最近挖到的BeanTrail冷萃浓缩液真的深得我心😆 100%阿拉比卡豆制作，无额外添加糖，1瓶可兑约8杯，兑水清爽兑奶香浓，赶早八前30秒就能搞定一杯，再也不用赶早排队买咖啡啦！"", ""reason"": ""The campaign brief specifies the content length should be approximately 120 Chinese characters, but the generated content is only about 70 Chinese characters, which is significantly shorter than the required length."", ""suggestion"": ""Add natural lifestyle sharing content such as specific morning class preparation scenarios or detailed taste experience descriptions to meet the length requirement while maintaining the relaxed sharing tone.""}, {""area"": ""Unsupported performance claim"", ""evidence"": ""赶早八前30秒就能搞定一杯"", ""reason"": ""The provided brand information does not contain any verified data to support the claim that the product can be prepared into a drink within 30 seconds, which is an unsubstantiated convenience performance claim."", ""suggestion"": ""If there is official verified preparation time data, the claim can be retained; if not, it is recommended to adjust to a more general description such as \""quick and easy to prepare\"" to avoid unsubstantiated claims.""}]",[],598.89,2,,9,9,10,10,2,9.5,0,False,[],"[{""area"": ""Platform Fit & Authenticity"", ""evidence"": ""早八人懒人咖啡routine大公开！... 最近挖到的BeanTrail冷萃浓缩液真的深得我心"", ""reason"": ""The content uses a highly specific \""lifestyle sharing\"" tone with personal discovery language (\""recently found,\"" \""deeply in my heart\"") which fits the Xiaohongshu style, but the phrase \""routine is open to the public\"" (routine大公开) borders on a hard-sell promotional structure rather than pure organic sharing. While compliant, it leans slightly towards direct advertising despite the brief's request for a natural lifestyle tone."", ""suggestion"": ""Consider softening the opening hook to sound more like a casual diary entry or peer recommendation (e.g., \""Sharing my morning hack\"") rather than an announcement of a routine being revealed, to better align with the \""natural lifestyle-sharing\"" objective.""}]",[],2,2,True,9.5,2.0,0.0,0.0,False,False,True,CONSENSUS_NO_BLOCKING,False,False,,,,,,,,,,,
CASE_006,Platform-specific tone,qwen,Qwen/Qwen3.5-35B-A3B,False,SUCCESS_NO_BLOCKING,,"早八看过来🌞 宿舍晨间小确幸
入手 BeanTrail 冷萃浓缩，懒人福音
100% 阿拉比卡豆，0 添加蔗糖，味道纯粹✨
一瓶能调大概 8 杯，加水或牛奶，配早餐刚好
倒一杯就喝，多睡会儿也不慌～💤
早晨更有仪式感！☕️
#BeanTrail #冷萃 #大学生生活",57.03,44.9,1,,9,9,10,10,1,9.7,0,False,[],"[{""area"": ""Content length alignment with campaign brief"", ""evidence"": ""早八看过来🌞 宿舍晨间小确幸 入手 BeanTrail 冷萃浓缩，懒人福音 100% 阿拉比卡豆，0 添加蔗糖，味道纯粹✨ 一瓶能调大概 8 杯，加水或牛奶，配早餐刚好 倒一杯就喝，多睡会儿也不慌～💤 早晨更有仪式感！☕️ #BeanTrail #冷萃 #大学生生活"", ""reason"": ""The campaign brief specifies an approximate length of 120 Chinese characters, while the generated content contains only approximately 60 Chinese characters (excluding emojis, hashtags and brand name), which is significantly shorter than the requested length and may not fully leverage the Xiaohongshu post format to share relatable routine details for the target university student audience."", ""suggestion"": ""Add appropriate relatable dorm morning routine details (such as common breakfast pairing options, quick preparation steps, or scenarios of rushing for morning classes) to extend the content to the approximate target length while maintaining the natural lifestyle sharing tone.""}]",[],43.49,1,,9,9,10,10,3,9.3,0,False,[],"[{""area"": ""Campaign Brief Adherence"", ""evidence"": ""早八看过来🌞 宿舍晨间小确幸 (Total length ~70 chars vs 120 req)"", ""reason"": ""The generated content length is significantly shorter than the approximately 120 Chinese characters requested in the Campaign Brief."", ""suggestion"": ""Expand on usage scenarios or lifestyle details to meet the approximate length requirement.""}, {""area"": ""Compliance Risk (Efficacy Implication)"", ""evidence"": ""多睡会儿也不慌"", ""reason"": ""Phrasing implies the product compensates for lack of sleep, which may infer energy or performance benefits bordering on the restriction against claiming improved concentration or academic performance."", ""suggestion"": ""Rephrase to focus on routine convenience or taste rather than sleep compensation.""}]",[],2,2,True,9.5,2.0,0.0,0.4,False,False,True,CONSENSUS_NO_BLOCKING,False,False,,,,,,,,,,,
