case_id,scenario_name,scenario_type,judge_model,judge_model_id,architecture_version,attempts,evaluation_latency,content_origin,structured_requirements,gold_blocking_expected,gold_blocking_issue_count,gold_required_missing_count,negative_control,status,predicted_blocking_flag,predicted_blocking_count,detected_gold_finding_count,detected_gold_issue_ids,predicted_requirement_flag,predicted_requirement_count,detected_gold_requirement_count,matched_predicted_requirement_count,extra_predicted_requirement_count,requirement_signature,mandatory_action_status,creator_authenticity_regression,brand_alignment,tone_match,selling_point_coverage,factual_consistency,unsupported_claim_risk,heuristic_composite_score,advisory_count,advisory_supplied_context_count,advisory_general_heuristic_count,advisory_system_grounding_review_count,advisory_other_basis_count,advisory_provenance_relabel_count,advisory_copy_like_suggestion_count,compliance_findings,requirement_findings,advisory_findings,review_notes,error
STRESS_001,Direct Disease Treatment Claim,blocking,step,stepfun-ai/Step-3.5-Flash,v2.2,1,57.77,creator_draft,"[{""requirement_id"": ""R1"", ""content"": ""Ceramides or hyaluronic acid"", ""match_mode"": ""SEMANTIC""}, {""requirement_id"": ""R2"", ""content"": ""Up to 24 hours of hydration"", ""match_mode"": ""SEMANTIC""}]",True,1,0,False,SUCCESS,True,1,1,"[""B001""]",False,0,0,0,0,[],COMPLIANCE_ACTION,False,3,4,6,4,9,3.9,2,1,1,0,0,1,0,"[{""evidence"": ""它真的把我的湿疹治好了"", ""policy_source"": ""ADDITIONAL POLICY CONTEXT"", ""policy_basis"": ""Do not claim that the product treats or cures eczema, dermatitis, or any other disease."", ""reason"": ""The submitted content explicitly claims the product cured the creator's eczema, which directly conflicts with the explicit policy prohibition on claims that the product treats or cures eczema or any other disease."", ""required_action"": ""Remove the claim that the product cured eczema.""}]",[],"[{""area"": ""Campaign Brief Alignment"", ""evidence"": ""The submitted content does not reference the product's suitability for dry or sensitive skin or situate the product within a simple daily skincare routine."", ""reason"": ""The campaign brief specifies the post should introduce the product for young consumers with dry or sensitive skin as part of a simple daily skincare routine, and adding these references would improve alignment with the brief's core focus."", ""suggestion"": ""Add natural references to the product's suitability for dry or sensitive skin and its place in a simple daily skincare routine using only verified product facts already provided."", ""basis_type"": ""SUPPLIED_CONTEXT"", ""basis_source"": ""CAMPAIGN BRIEF"", ""basis_quote"": ""Create a Xiaohongshu creator post introducing LumiSkin Barrier Repair Moisturizer as part of a simple daily skincare routine for young consumers with dry or sensitive skin.""}, {""area"": ""Brand Tone Alignment"", ""evidence"": ""The submitted content uses casual, definitive phrasing (e.g., \""最大的感受就是它真的...\"") that is less aligned with the brand's specified communication tone."", ""reason"": ""The brand's official communication is specified as calm, professional, trustworthy, and modern, and adjusting phrasing to be more measured would better align with the brand's voice while retaining the creator's personal experience style."", ""suggestion"": ""Adjust overly casual or definitive phrasing to be more consistent with the brand's professional tone, without removing the creator's personal experience perspective."", ""basis_type"": ""GENERAL_HEURISTIC"", ""basis_source"": """", ""basis_quote"": """"}]","[""Structured mandatory requirements R1 (ceramides or hyaluronic acid) and R2 (up to 24 hours of hydration) are both satisfied via semantic matching of the submitted content, with no conflict with higher-priority policy rules."", ""Advisory finding 2 claimed SUPPLIED_CONTEXT but its basis provenance could not be verified. It was relabeled GENERAL_HEURISTIC.""]",
STRESS_001,Direct Disease Treatment Claim,blocking,qwen,Qwen/Qwen3.5-35B-A3B,v2.2,1,38.94,creator_draft,"[{""requirement_id"": ""R1"", ""content"": ""Ceramides or hyaluronic acid"", ""match_mode"": ""SEMANTIC""}, {""requirement_id"": ""R2"", ""content"": ""Up to 24 hours of hydration"", ""match_mode"": ""SEMANTIC""}]",True,1,0,False,SUCCESS,True,1,1,"[""B001""]",False,0,0,0,0,[],COMPLIANCE_ACTION,False,2,3,9,2,10,3.4,1,1,0,0,0,0,0,"[{""evidence"": ""它真的把我的湿疹治好了"", ""policy_source"": ""ADDITIONAL POLICY CONTEXT"", ""policy_basis"": ""Do not claim that the product treats or cures eczema, dermatitis, or any other disease."", ""reason"": ""Content claims the product cures eczema, which is explicitly prohibited by policy."", ""required_action"": ""Remove the claim regarding curing eczema.""}]",[],"[{""area"": ""TONE_MATCH"", ""evidence"": ""真的"", ""reason"": ""Emphatic language conflicts with the calm, professional brand tone."", ""suggestion"": ""Reduce emphatic particles to better match the supplied professional tone."", ""basis_type"": ""SUPPLIED_CONTEXT"", ""basis_source"": ""BRAND INFORMATION"", ""basis_quote"": ""The brand communicates in a calm, professional, trustworthy, and modern tone.""}]",[],
STRESS_002,Incorrect Numerical Specification and Invented Capability,blocking,step,stepfun-ai/Step-3.5-Flash,v2.2,1,54.28,creator_draft,"[{""requirement_id"": ""R1"", ""content"": ""10,000mAh"", ""match_mode"": ""SEMANTIC""}, {""requirement_id"": ""R2"", ""content"": ""Portable design"", ""match_mode"": ""SEMANTIC""}]",True,2,0,False,SUCCESS,True,2,2,"[""B002"", ""B003""]",False,0,0,0,0,[],COMPLIANCE_ACTION,False,3,3,5,2,9,2.9,2,1,1,0,0,1,0,"[{""evidence"": ""它支持30W有线快充"", ""policy_source"": ""BRAND INFORMATION"", ""policy_basis"": ""Maximum wired charging output: 20W."", ""reason"": ""Submitted content claims 30W maximum wired charging output, which directly contradicts the verified product specification of 20W maximum wired charging output."", ""required_action"": ""Correct the wired charging output claim to match the verified 20W specification.""}, {""evidence"": ""而且临时不想接线的时候还可以直接无线充电"", ""policy_source"": ""BRAND INFORMATION"", ""policy_basis"": ""Wireless charging is not supported."", ""reason"": ""Submitted content claims the product supports wireless charging, which directly contradicts the verified product fact that wireless charging is not supported, and violates the campaign requirement to avoid wireless charging claims."", ""required_action"": ""Remove the wireless charging claim entirely as the product does not support this feature.""}]",[],"[{""area"": ""Brand tone alignment"", ""evidence"": ""学生党日常带一个真的很方便"", ""reason"": ""The submitted content uses casual colloquial slang and vague promotional language that does not align with the brand's required communication tone of being clear, technical, and useful without exaggeration."", ""suggestion"": ""Reduce casual slang and vague promotional language to better match the brand's specified clear, technical tone, using only verified product facts."", ""basis_type"": ""SUPPLIED_CONTEXT"", ""basis_source"": ""BRAND INFORMATION"", ""basis_quote"": ""Its communication should be clear, technical, and useful without exaggeration.""}, {""area"": ""Content structure alignment with creator style"", ""evidence"": ""它支持30W有线快充，而且临时不想接线的时候还可以直接无线充电，学生党日常带一个真的很方便。"", ""reason"": ""The creator's specified style is fast-paced practical product reviews with specification-focused explanations, but the current script groups unsubstantiated technical claims with vague promotional language rather than structuring verified product specifications clearly for the target audience."", ""suggestion"": ""Restructure the script to lead with verified product specifications in a clear, scannable format aligned with the creator's spec-focused review style after correcting all factual errors."", ""basis_type"": ""GENERAL_HEURISTIC"", ""basis_source"": """", ""basis_quote"": """"}]","[""Advisory finding 2 claimed SUPPLIED_CONTEXT but its basis provenance could not be verified. It was relabeled GENERAL_HEURISTIC.""]",
STRESS_002,Incorrect Numerical Specification and Invented Capability,blocking,qwen,Qwen/Qwen3.5-35B-A3B,v2.2,1,35.79,creator_draft,"[{""requirement_id"": ""R1"", ""content"": ""10,000mAh"", ""match_mode"": ""SEMANTIC""}, {""requirement_id"": ""R2"", ""content"": ""Portable design"", ""match_mode"": ""SEMANTIC""}]",True,2,0,False,SUCCESS,True,2,2,"[""B002"", ""B003""]",False,0,0,0,0,[],COMPLIANCE_ACTION,False,2,4,7,1,10,2.9,1,1,0,0,0,0,0,"[{""evidence"": ""它支持 30W 有线快充"", ""policy_source"": ""BRAND INFORMATION"", ""policy_basis"": ""Maximum wired charging output: 20W."", ""reason"": ""Submitted content claims 30W output which exceeds the verified maximum of 20W."", ""required_action"": ""Correct the wired charging output specification to match the verified 20W limit.""}, {""evidence"": ""而且临时不想接线的时候还可以直接无线充电"", ""policy_source"": ""BRAND INFORMATION"", ""policy_basis"": ""Wireless charging is not supported."", ""reason"": ""Submitted content claims wireless charging capability which contradicts the verified product specification."", ""required_action"": ""Remove the wireless charging claim as the product does not support this function.""}]",[],"[{""area"": ""Tone Match"", ""evidence"": ""学生党日常带一个真的很方便"", ""reason"": ""Language contains promotional emphasis that may exceed the brand guideline for communication without exaggeration."", ""suggestion"": ""Reduce casual promotional language to better match the supplied professional tone."", ""basis_type"": ""SUPPLIED_CONTEXT"", ""basis_source"": ""BRAND INFORMATION"", ""basis_quote"": ""Its communication should be clear, technical, and useful without exaggeration.""}]",[],
STRESS_003,Invented Clinical Evidence,blocking,step,stepfun-ai/Step-3.5-Flash,v2.2,1,49.9,creator_draft,"[{""requirement_id"": ""R1"", ""content"": ""Fragrance-free"", ""match_mode"": ""SEMANTIC""}, {""requirement_id"": ""R2"", ""content"": ""Glycerin"", ""match_mode"": ""SEMANTIC""}]",True,1,0,False,SUCCESS,True,1,1,"[""B004""]",False,0,0,0,0,[],COMPLIANCE_ACTION,False,3,4,4,2,9,2.9,2,1,1,0,0,1,0,"[{""evidence"": ""临床测试显示95%的用户使用后敏感泛红明显改善"", ""policy_source"": ""ADDITIONAL POLICY CONTEXT"", ""policy_basis"": ""No clinical study results, dermatologist certification, or user-percentage efficacy data have been provided. Do not invent such evidence."", ""reason"": ""Submitted content includes an invented clinical test result and 95% user efficacy statistic that are explicitly prohibited by policy, as no such data has been supplied and inventing such evidence is forbidden"", ""required_action"": ""Remove the invented clinical test claim and 95% user efficacy statistic entirely, without replacing it with any new unsubstantiated claim or benefit""}]",[],"[{""area"": ""Campaign brief objective alignment"", ""evidence"": ""The full submitted content only references using PureCalm Gentle Cleanser for evening cleansing, with no outline of the requested simple evening cleansing routine"", ""reason"": ""The original campaign brief explicitly requires an educational post introducing a simple evening cleansing routine, which is not addressed in the submitted content"", ""suggestion"": ""Add a clear, simple outline of the evening cleansing routine steps relevant to gentle skincare for sensitive skin, using only verified product facts"", ""basis_type"": ""SUPPLIED_CONTEXT"", ""basis_source"": ""CAMPAIGN BRIEF"", ""basis_quote"": ""Create an educational Xiaohongshu post introducing a simple evening cleansing routine""}, {""area"": ""Creator style alignment"", ""evidence"": ""无香精配方加上甘油，整体思路比较简单"", ""reason"": ""The creator profile specifies an ingredient-focused, educational style that explains products through simple skincare knowledge, but the submitted content only lists the required ingredients without explaining their benefits for the target audience of sensitive skin consumers"", ""suggestion"": ""Add a simple, verified explanation of how fragrance-free and glycerin support gentle cleansing for sensitive skin, without introducing unsubstantiated claims"", ""basis_type"": ""GENERAL_HEURISTIC"", ""basis_source"": """", ""basis_quote"": """"}]","[""Advisory finding 2 claimed SUPPLIED_CONTEXT but its basis provenance could not be verified. It was relabeled GENERAL_HEURISTIC.""]",
STRESS_003,Invented Clinical Evidence,blocking,qwen,Qwen/Qwen3.5-35B-A3B,v2.2,2,440.57,creator_draft,"[{""requirement_id"": ""R1"", ""content"": ""Fragrance-free"", ""match_mode"": ""SEMANTIC""}, {""requirement_id"": ""R2"", ""content"": ""Glycerin"", ""match_mode"": ""SEMANTIC""}]",True,1,0,False,SUCCESS,True,1,1,"[""B004""]",False,0,0,0,0,[],COMPLIANCE_ACTION,False,3,5,9,1,10,3.6,1,1,0,0,0,0,0,"[{""evidence"": ""临床测试显示95%的用户使用后敏感泛红明显改善"", ""policy_source"": ""BRAND INFORMATION"", ""policy_basis"": ""No clinical study, dermatologist certification, or user-percentage study has been supplied for this campaign."", ""reason"": ""Content claims specific clinical study results and user percentages which are explicitly stated as not supplied in Brand Information."", ""required_action"": ""Remove all references to clinical studies, user percentages, and efficacy data not supported by supplied materials.""}]",[],"[{""area"": ""Educational Alignment"", ""evidence"": ""更让我放心的是，临床测试显示95%的用户使用后敏感泛红明显改善"", ""reason"": ""Current draft relies on unverified outcome claims which contradicts the educational focus."", ""suggestion"": ""Shift focus from outcome claims to verified ingredient descriptions to align with educational style."", ""basis_type"": ""SUPPLIED_CONTEXT"", ""basis_source"": ""CAMPAIGN BRIEF"", ""basis_quote"": ""Explains products through simple skincare knowledge""}]",[],
STRESS_004,Absolute Product Guarantee,blocking,step,stepfun-ai/Step-3.5-Flash,v2.2,1,42.68,creator_draft,"[{""requirement_id"": ""R1"", ""content"": ""Automatic meeting summaries"", ""match_mode"": ""SEMANTIC""}, {""requirement_id"": ""R2"", ""content"": ""Action-item extraction"", ""match_mode"": ""SEMANTIC""}]",True,1,0,False,SUCCESS,True,1,1,"[""B005""]",False,0,0,0,0,[],COMPLIANCE_ACTION,False,5,4,6,5,8,4.8,2,2,0,0,0,0,0,"[{""evidence"": ""it guarantees that your team will never miss another action item or important decision again"", ""policy_source"": ""ADDITIONAL POLICY CONTEXT"", ""policy_basis"": ""Do not guarantee that NorthNote will ensure no action item, decision, or meeting detail is ever missed"", ""reason"": ""The submitted content includes an explicit guarantee that no action item or important decision will ever be missed, which is directly prohibited by explicit policy rules"", ""required_action"": ""Remove the explicit guarantee that the team will never miss action items or important decisions""}]",[],"[{""area"": ""Audience resonance and content fit"", ""evidence"": ""No workplace-specific example or context relevant to managers and professional teams is included in the submitted content"", ""reason"": ""The creator's stated content characteristics require professional posts using workplace examples to engage the target audience of managers and teams with heavy meeting workloads, which is absent from the current generic copy"", ""suggestion"": ""Add a brief, relatable workplace example relevant to managers and professional teams who attend frequent meetings to improve audience connection"", ""basis_type"": ""SUPPLIED_CONTEXT"", ""basis_source"": ""CAMPAIGN BRIEF"", ""basis_quote"": ""Content Characteristics: Professional posts using workplace examples""}, {""area"": ""Brand tone and precision alignment"", ""evidence"": ""The submitted content is generic and does not clearly tie product features to the specific pain points of the target audience"", ""reason"": ""The brand's required communication style is precise, and the current copy does not connect the product's automatic summaries and action-item extraction to the common pain points of managers and teams who spend significant time in meetings, reducing precision and alignment with the brand's credible positioning"", ""suggestion"": ""Refine the copy to more precisely connect the product's existing verified features to the specific time-saving and follow-up pain points of the target audience, without adding unverified claims"", ""basis_type"": ""SUPPLIED_CONTEXT"", ""basis_source"": ""BRAND INFORMATION"", ""basis_quote"": ""Its communication style is professional, precise, calm, and credible""}]",[],
STRESS_004,Absolute Product Guarantee,blocking,qwen,Qwen/Qwen3.5-35B-A3B,v2.2,1,594.85,creator_draft,"[{""requirement_id"": ""R1"", ""content"": ""Automatic meeting summaries"", ""match_mode"": ""SEMANTIC""}, {""requirement_id"": ""R2"", ""content"": ""Action-item extraction"", ""match_mode"": ""SEMANTIC""}]",True,1,0,False,SUCCESS,True,1,1,"[""B005""]",False,0,0,0,0,[],COMPLIANCE_ACTION,False,3,2,10,2,10,3.7,2,1,1,0,0,0,0,"[{""evidence"": ""it guarantees that your team will never miss another action item or important decision again"", ""policy_source"": ""CAMPAIGN BRIEF"", ""policy_basis"": ""Guarantees that nothing will ever be missed"", ""reason"": ""The submitted content explicitly guarantees that no action items or decisions will ever be missed, which directly violates the campaign prohibition against such guarantees."", ""required_action"": ""Remove the guarantee regarding missing action items or decisions and rephrase to reflect capability without absolute assurance.""}]",[],"[{""area"": ""Tone Consistency"", ""evidence"": ""NorthNote automatically summarizes meetings and extracts action items, which can make follow-up much easier for busy teams."", ""reason"": ""While the first sentence is factual, the overall tone shifts from professional to alarmist due to the subsequent guarantee, conflicting with the brand's calm and credible style."", ""suggestion"": ""Ensure the entire post maintains a calm, precise, and credible tone consistent with NorthNote's brand voice."", ""basis_type"": ""SUPPLIED_CONTEXT"", ""basis_source"": ""BRAND INFORMATION"", ""basis_quote"": ""Its communication style is professional, precise, calm, and credible.""}, {""area"": ""Claim Precision"", ""evidence"": ""guarantees that your team will never miss another action item or important decision again"", ""reason"": ""The claim uses absolute language (\""never miss\"") which creates high risk of being perceived as misleading even if not strictly blocked by this specific policy line, given the context of AI limitations."", ""suggestion"": ""Replace absolute outcome claims with qualified statements about efficiency or assistance capabilities."", ""basis_type"": ""GENERAL_HEURISTIC"", ""basis_source"": """", ""basis_quote"": """"}]",[],
STRESS_005,Explicitly Prohibited Performance Claim,blocking,step,stepfun-ai/Step-3.5-Flash,v2.2,1,51.69,creator_draft,"[{""requirement_id"": ""R1"", ""content"": ""100% Arabica"", ""match_mode"": ""SEMANTIC""}, {""requirement_id"": ""R2"", ""content"": ""No added sugar"", ""match_mode"": ""SEMANTIC""}]",True,1,0,False,SUCCESS,True,1,1,"[""B006""]",False,0,0,0,0,[],COMPLIANCE_ACTION,False,6,9,8,8,9,6.9,2,1,1,0,0,0,0,"[{""evidence"": ""考试周喝它之后专注力真的明显提升，复习效率至少翻了一倍。"", ""policy_source"": ""ADDITIONAL POLICY CONTEXT"", ""policy_basis"": ""Do not claim that the product improves concentration, memory, academic performance, exam results, weight loss, or health outcomes."", ""reason"": ""Submitted content explicitly claims the product improves concentration and study efficiency, which is directly prohibited by the stated policy."", ""required_action"": ""Remove the concentration and study efficiency improvement claim from the content.""}]",[],"[{""area"": ""Optional verified selling point coverage"", ""evidence"": ""准备起来很方便。"", ""reason"": ""The verified brand information includes that the product bottle has approximately 8 servings, a relevant selling point for student routines that is not currently mentioned and could be added naturally without introducing new unsubstantiated claims."", ""suggestion"": ""Consider adding the optional verified selling point of approximately 8 servings per bottle if it fits naturally into the routine context."", ""basis_type"": ""SUPPLIED_CONTEXT"", ""basis_source"": ""BRAND INFORMATION"", ""basis_quote"": ""Approximately 8 servings per bottle.""}, {""area"": ""Platform and audience engagement"", ""evidence"": ""早八的时候我最近会直接用 BeanTrail 冷萃浓缩液兑水，准备起来很方便。"", ""reason"": ""Xiaohongshu student lifestyle content typically includes more specific, relatable routine details to better engage the university student audience, and the current caption is relatively brief."", ""suggestion"": ""Add authentic, relevant student routine details to improve engagement with the target audience, without introducing new unsubstantiated claims."", ""basis_type"": ""GENERAL_HEURISTIC"", ""basis_source"": """", ""basis_quote"": """"}]","[""The content otherwise fulfills the core campaign brief objective of demonstrating BeanTrail's fit for a busy student morning routine, with both mandatory structured requirements (R1: 100% Arabica, R2: No added sugar) satisfied via semantic match.""]",
STRESS_005,Explicitly Prohibited Performance Claim,blocking,qwen,Qwen/Qwen3.5-35B-A3B,v2.2,1,87.73,creator_draft,"[{""requirement_id"": ""R1"", ""content"": ""100% Arabica"", ""match_mode"": ""SEMANTIC""}, {""requirement_id"": ""R2"", ""content"": ""No added sugar"", ""match_mode"": ""SEMANTIC""}]",True,1,0,False,SUCCESS,True,2,1,"[""B006""]",False,0,0,0,0,[],COMPLIANCE_ACTION,False,3,5,10,2,10,4.1,1,1,0,0,0,0,0,"[{""evidence"": ""专注力真的明显提升"", ""policy_source"": ""ADDITIONAL POLICY CONTEXT"", ""policy_basis"": ""Do not claim that the product improves concentration, memory, academic performance, exam results, weight loss, or health outcomes."", ""reason"": ""Content claims focus improvement which is explicitly prohibited by policy."", ""required_action"": ""Remove the claim regarding focus improvement.""}, {""evidence"": ""复习效率至少翻了一倍"", ""policy_source"": ""CAMPAIGN BRIEF"", ""policy_basis"": ""- Academic performance claims"", ""reason"": ""Content claims review efficiency doubling which falls under academic performance claims."", ""required_action"": ""Remove the claim regarding review efficiency doubling.""}]",[],"[{""area"": ""Tone Consistency"", ""evidence"": ""真的明显提升，至少翻了一倍"", ""reason"": ""Exaggerated language conflicts with the requested friendly and relaxed brand tone."", ""suggestion"": ""Reduce promotional intensity and exaggeration in outcome descriptions."", ""basis_type"": ""SUPPLIED_CONTEXT"", ""basis_source"": ""BRAND INFORMATION"", ""basis_quote"": ""Its tone is friendly, relaxed, and contemporary.""}]",[],
STRESS_006,Missing Campaign Must-Mention,requirement_coverage,step,stepfun-ai/Step-3.5-Flash,v2.2,1,46.02,creator_draft,"[{""requirement_id"": ""R1"", ""content"": ""Up to 18 hours cold"", ""match_mode"": ""SEMANTIC""}, {""requirement_id"": ""R2"", ""content"": ""BPA-free"", ""match_mode"": ""SEMANTIC""}]",False,0,1,False,SUCCESS,False,0,0,[],True,1,1,1,0,"[""ID:R2""]",REQUIREMENT_ACTION,False,9,9,6,10,1,8.8,2,1,1,0,0,0,0,[],"[{""requirement_id"": ""R2"", ""requirement"": ""BPA-free"", ""match_mode"": ""SEMANTIC"", ""reason"": ""The submitted content does not contain any mention of the AeroBottle Pro being BPA-free, which is a required semantic match for structured mandatory requirement R2"", ""required_action"": ""Add a natural mention of the required concept: \""BPA-free\"". Equivalent wording is acceptable. Make the smallest necessary change and do not introduce any unsupported claim, guarantee, creator experience, or additional product benefit."", ""verification_mode"": ""JUDGE_SEMANTIC_ABSENCE""}]","[{""area"": ""Product name inclusion"", ""evidence"": ""My new everyday commute bottle"", ""reason"": ""The caption does not name the AeroBottle Pro, the featured product in the campaign, which reduces clear brand association for the target student and young professional audience"", ""suggestion"": ""Include the AeroBottle Pro product name in the caption to clearly link the described features to the brand"", ""basis_type"": ""GENERAL_HEURISTIC"", ""basis_source"": """", ""basis_quote"": """"}, {""area"": ""Optional verified selling point coverage"", ""evidence"": ""lightweight enough for my work bag"", ""reason"": ""The caption references the bottle's lightweight design but does not include the verified 280g weight specification, which is a concrete, credible detail that would resonate with commuting users"", ""suggestion"": ""Consider adding the verified 280g weight to strengthen the lightweight claim with a specific, factual detail"", ""basis_type"": ""SUPPLIED_CONTEXT"", ""basis_source"": ""BRAND INFORMATION"", ""basis_quote"": ""Weight: 280g""}]",[],
STRESS_006,Missing Campaign Must-Mention,requirement_coverage,qwen,Qwen/Qwen3.5-35B-A3B,v2.2,1,35.31,creator_draft,"[{""requirement_id"": ""R1"", ""content"": ""Up to 18 hours cold"", ""match_mode"": ""SEMANTIC""}, {""requirement_id"": ""R2"", ""content"": ""BPA-free"", ""match_mode"": ""SEMANTIC""}]",False,0,1,False,SUCCESS,False,0,0,[],True,1,1,1,0,"[""ID:R2""]",REQUIREMENT_ACTION,False,6,9,5,10,1,8.1,1,0,1,0,0,0,0,[],"[{""requirement_id"": ""R2"", ""requirement"": ""BPA-free"", ""match_mode"": ""SEMANTIC"", ""reason"": ""The structured requirement to mention 'BPA-free' is absent from the submitted content."", ""required_action"": ""Add a natural mention of the required concept: \""BPA-free\"". Equivalent wording is acceptable. Make the smallest necessary change and do not introduce any unsupported claim, guarantee, creator experience, or additional product benefit."", ""verification_mode"": ""JUDGE_SEMANTIC_ABSENCE""}]","[{""area"": ""Brand Identification"", ""evidence"": ""My new everyday commute bottle"", ""reason"": ""The specific product name 'AeroBottle Pro' is not explicitly stated, reducing brand clarity."", ""suggestion"": ""Include the specific product name 'AeroBottle Pro' to improve brand recognition."", ""basis_type"": ""GENERAL_HEURISTIC"", ""basis_source"": """", ""basis_quote"": """"}]",[],
STRESS_007,Brand Tone Misalignment Without Factual Error,advisory_only,step,stepfun-ai/Step-3.5-Flash,v2.2,1,51.62,creator_draft,"[{""requirement_id"": ""R1"", ""content"": ""Camellia oil"", ""match_mode"": ""SEMANTIC""}, {""requirement_id"": ""R2"", ""content"": ""Emulsifies with water"", ""match_mode"": ""SEMANTIC""}]",False,0,0,False,SUCCESS,False,0,0,[],False,0,0,0,0,[],NO_MANDATORY_ACTION,False,6,4,7,9,2,7.2,3,3,0,0,0,0,0,[],[],"[{""area"": ""Brand Tone Alignment"", ""evidence"": ""真的给我冲！！！懒人真的会爱死这种用法哈哈哈"", ""reason"": ""The content uses hard-sell exclamations and casual slang that does not align with the brand's preferred refined, calm, understated communication style that avoids hard-selling."", ""suggestion"": ""Reduce hard-sell exclamations and casual slang to better match the brand's preferred tone."", ""basis_type"": ""SUPPLIED_CONTEXT"", ""basis_source"": ""ADDITIONAL POLICY CONTEXT"", ""basis_quote"": ""Brand communication should feel refined, calm, modern, and understated. Tone preference is advisory unless an explicit factual or policy conflict exists.""}, {""area"": ""Brand Messaging Alignment"", ""evidence"": ""懒人真的会爱死这种用法哈哈哈"", ""reason"": ""The \""lazy person\"" convenience framing conflicts with the brand's stated emphasis on thoughtful daily skincare rituals, which may dilute the brand's intended positioning."", ""suggestion"": ""Adjust the convenience framing to align more closely with the brand's emphasis on thoughtful daily skincare rituals."", ""basis_type"": ""SUPPLIED_CONTEXT"", ""basis_source"": ""BRAND INFORMATION"", ""basis_quote"": ""emphasizes thoughtful daily rituals.""}, {""area"": ""Optional Verified Selling Point Coverage"", ""evidence"": """", ""reason"": ""Verified product information includes the attributes of removing makeup and daily impurities, as well as a soft balm texture, which are not mentioned in the content."", ""suggestion"": ""Consider adding these verified product attributes to the content if they fit naturally with the existing copy."", ""basis_type"": ""SUPPLIED_CONTEXT"", ""basis_source"": ""BRAND INFORMATION"", ""basis_quote"": ""Removes makeup and daily impurities. Contains camellia oil. Soft balm texture that emulsifies with water.""}]",[],
STRESS_007,Brand Tone Misalignment Without Factual Error,advisory_only,qwen,Qwen/Qwen3.5-35B-A3B,v2.2,1,34.41,creator_draft,"[{""requirement_id"": ""R1"", ""content"": ""Camellia oil"", ""match_mode"": ""SEMANTIC""}, {""requirement_id"": ""R2"", ""content"": ""Emulsifies with water"", ""match_mode"": ""SEMANTIC""}]",False,0,0,False,SUCCESS,False,0,0,[],False,0,0,0,0,[],NO_MANDATORY_ACTION,False,7,7,10,10,2,8.8,1,1,0,0,0,0,0,[],[],"[{""area"": ""Tone Alignment"", ""evidence"": ""姐妹们这个卸妆膏真的给我冲！！！"", ""reason"": ""The high-energy slang and punctuation may conflict with the brand's aim to feel refined, calm, and understated."", ""suggestion"": ""Reduce casual slang and excessive punctuation to better align with the brand's refined communication style."", ""basis_type"": ""SUPPLIED_CONTEXT"", ""basis_source"": ""BRAND INFORMATION"", ""basis_quote"": ""Communication usually avoids hard-selling language""}]",[],
STRESS_008,Creator and Platform Style Mismatch,advisory_only,step,stepfun-ai/Step-3.5-Flash,v2.2,1,38.89,creator_draft,"[{""requirement_id"": ""R1"", ""content"": ""Automatic summaries"", ""match_mode"": ""SEMANTIC""}, {""requirement_id"": ""R2"", ""content"": ""Action-item extraction"", ""match_mode"": ""SEMANTIC""}]",False,0,0,False,SUCCESS,False,0,0,[],False,0,0,0,0,[],NO_MANDATORY_ACTION,False,7,4,10,10,2,8.3,2,0,2,0,0,2,0,[],[],"[{""area"": ""Professional tone and platform fit"", ""evidence"": ""😂🔥 Honestly kinda obsessed with this workflow rn!!!"", ""reason"": ""The casual slang, emojis, and overly informal tone are not aligned with the professional LinkedIn platform, the management consultant creator profile specified in the campaign brief, and the brand's clear, credible, practical communication style."", ""suggestion"": ""Reduce casual slang and emojis to better match the professional tone expected for the target audience and platform."", ""basis_type"": ""GENERAL_HEURISTIC"", ""basis_source"": """", ""basis_quote"": """"}, {""area"": ""Content structure and depth"", ""evidence"": ""POV: your meeting ends and you actually remember what happened 😂🔥 NorthNote makes automatic summaries and pulls out action items so your team does not have to dig through notes afterwards. Honestly kinda obsessed with this workflow rn!!!"", ""reason"": ""The content lacks the structured, insight-driven format specified for the management consultant creator profile, and does not provide practical context relevant to operations managers and consulting teams beyond a basic feature mention."", ""suggestion"": ""Add a concise, relevant workplace observation or practical tip related to meeting efficiency for operations/consulting teams to align with the creator's specified style."", ""basis_type"": ""GENERAL_HEURISTIC"", ""basis_source"": """", ""basis_quote"": """"}]","[""Advisory finding 1 claimed SUPPLIED_CONTEXT but its basis provenance could not be verified. It was relabeled GENERAL_HEURISTIC."", ""Advisory finding 2 claimed SUPPLIED_CONTEXT but its basis provenance could not be verified. It was relabeled GENERAL_HEURISTIC.""]",
STRESS_008,Creator and Platform Style Mismatch,advisory_only,qwen,Qwen/Qwen3.5-35B-A3B,v2.2,1,44.9,creator_draft,"[{""requirement_id"": ""R1"", ""content"": ""Automatic summaries"", ""match_mode"": ""SEMANTIC""}, {""requirement_id"": ""R2"", ""content"": ""Action-item extraction"", ""match_mode"": ""SEMANTIC""}]",False,0,0,False,SUCCESS,False,0,0,[],False,0,0,0,0,[],NO_MANDATORY_ACTION,False,8,4,10,10,2,8.6,1,1,0,0,0,0,0,[],[],"[{""area"": ""CREATOR_STYLE"", ""evidence"": ""Honestly kinda obsessed with this workflow rn!!!"", ""reason"": ""The casual phrasing and emojis deviate from the defined creator style."", ""suggestion"": ""Reduce casual slang and emojis to better match the supplied professional tone."", ""basis_type"": ""SUPPLIED_CONTEXT"", ""basis_source"": ""CAMPAIGN BRIEF"", ""basis_quote"": ""Creator Style: Structured professional insights""}]",[],
STRESS_009,Unsafe Campaign Brief but Safe Creator Draft,negative_control,step,stepfun-ai/Step-3.5-Flash,v2.2,1,39.03,creator_draft,"[{""requirement_id"": ""R1"", ""content"": ""Ceramides"", ""match_mode"": ""SEMANTIC""}, {""requirement_id"": ""R2"", ""content"": ""Up to 24 hours of hydration"", ""match_mode"": ""SEMANTIC""}]",False,0,0,True,SUCCESS,False,0,0,[],False,0,0,0,0,[],NO_MANDATORY_ACTION,False,8,9,7,10,1,8.9,1,1,0,0,0,0,0,[],[],"[{""area"": ""Optional brand positioning alignment"", ""evidence"": ""换季的时候我会更偏向简单一点的护肤步骤。LumiSkin 这款面霜里面有神经酰胺和透明质酸，质地比较轻盈不厚重，同时提供最长24小时保湿，我会把它放在日常基础保湿这一步。"", ""reason"": ""The content does not reference LumiSkin's core target skin type (dry and sensitive skin), which is a key element of its verified brand positioning, and including this point naturally could improve relevance to the target audience of women aged 20-30 interested in skincare."", ""suggestion"": ""Optionally include a natural reference to the product's suitability for dry or sensitive skin within the creator's personal routine context, without adding new unverified claims."", ""basis_type"": ""SUPPLIED_CONTEXT"", ""basis_source"": ""BRAND INFORMATION"", ""basis_quote"": ""LumiSkin is a modern skincare brand focused on simple daily skincare for dry and sensitive skin.""}]","[""The Campaign Brief requested prohibited claims (curing sensitive-skin problems, complete skin repair), but the Submitted Content safely omitted these requests and does not contain any conflicting prohibited claims.""]",
STRESS_009,Unsafe Campaign Brief but Safe Creator Draft,negative_control,qwen,Qwen/Qwen3.5-35B-A3B,v2.2,1,63.04,creator_draft,"[{""requirement_id"": ""R1"", ""content"": ""Ceramides"", ""match_mode"": ""SEMANTIC""}, {""requirement_id"": ""R2"", ""content"": ""Up to 24 hours of hydration"", ""match_mode"": ""SEMANTIC""}]",False,0,0,True,SUCCESS,False,0,0,[],False,0,0,0,0,[],NO_MANDATORY_ACTION,False,9,8,8,10,1,9.1,1,1,0,0,0,0,0,[],[],"[{""area"": ""TONE_ALIGNMENT"", ""evidence"": ""换季的时候我会更偏向简单一点的护肤步骤"", ""reason"": ""Brand tone specified as calm trustworthy and professional. Current phrasing is highly conversational."", ""suggestion"": ""Adjust phrasing to sound slightly more authoritative while maintaining natural voice."", ""basis_type"": ""SUPPLIED_CONTEXT"", ""basis_source"": ""BRAND INFORMATION"", ""basis_quote"": ""The brand tone is calm, trustworthy, and professional.""}]","[""Campaign Brief requested cure sensitive-skin problems and completely repair damaged skin which violates Brand Restrictions. Submitted Content safely ignores this instruction and complies with Brand Policy.""]",
STRESS_010,Clean Creator Draft Negative Control,negative_control,step,stepfun-ai/Step-3.5-Flash,v2.2,1,34.48,creator_draft,"[{""requirement_id"": ""R1"", ""content"": ""10,000mAh"", ""match_mode"": ""SEMANTIC""}, {""requirement_id"": ""R2"", ""content"": ""20W maximum wired output"", ""match_mode"": ""SEMANTIC""}]",False,0,0,True,SUCCESS,False,0,0,[],False,0,0,0,0,[],NO_MANDATORY_ACTION,False,9,9,9,10,1,9.4,2,2,0,0,0,0,0,[],[],"[{""area"": ""Target audience pain point resonance"", ""evidence"": ""如果你平时通勤时间比较长，可以看看这种小体积充电宝。"", ""reason"": ""The opening references long commutes but does not explicitly name the core pain point of phone battery depletion during commutes or long days out, which would more directly resonate with the specified target audience of students and young professionals."", ""suggestion"": ""Add a brief reference to the common pain point of phone batteries dying during commutes or long days out in the opening to strengthen relevance for the target audience."", ""basis_type"": ""SUPPLIED_CONTEXT"", ""basis_source"": ""CAMPAIGN BRIEF"", ""basis_quote"": ""students and young professionals who need portable charging during commuting and long days outside""}, {""area"": ""Feature benefit communication"", ""evidence"": ""还有两个USB-C接口。"", ""reason"": ""The dual USB-C port feature is stated but not linked to a practical benefit relevant to the target audience's daily use cases, missing an opportunity to highlight the product's usefulness for the specified user group."", ""suggestion"": ""Add a brief practical benefit for the dual USB-C ports relevant to the target audience's daily charging needs during commutes or long days out, without introducing new unverified product claims."", ""basis_type"": ""SUPPLIED_CONTEXT"", ""basis_source"": ""CAMPAIGN BRIEF"", ""basis_quote"": ""students and young professionals who need portable charging during commuting and long days outside""}]",[],
STRESS_010,Clean Creator Draft Negative Control,negative_control,qwen,Qwen/Qwen3.5-35B-A3B,v2.2,1,64.92,creator_draft,"[{""requirement_id"": ""R1"", ""content"": ""10,000mAh"", ""match_mode"": ""SEMANTIC""}, {""requirement_id"": ""R2"", ""content"": ""20W maximum wired output"", ""match_mode"": ""SEMANTIC""}]",False,0,0,True,SUCCESS,False,0,0,[],False,0,0,0,0,[],NO_MANDATORY_ACTION,False,9,9,10,10,1,9.7,1,0,1,0,0,0,0,[],[],"[{""area"": ""Platform Fit"", ""evidence"": """", ""reason"": ""Douyin scripts often benefit from stronger visual cues or faster pacing to maintain engagement."", ""suggestion"": ""Ensure visual demonstrations accompany the spoken specifications for better retention."", ""basis_type"": ""GENERAL_HEURISTIC"", ""basis_source"": """", ""basis_quote"": """"}]",[],
